data,value
2014-12-19,100.0000000000
2014-12-22,97.7099236641
2014-12-23,96.9829153035
2014-12-24,96.1105052708
2014-12-25,94.9836423119
2014-12-26,95.6015994184
2014-12-29,95.3107960742
2014-12-30,95.0563431479
2014-12-31,95.3107960742
2015-01-05,94.8745910578
2015-01-06,94.0021810251
2015-01-07,94.7291893857
2015-01-08,94.7291893857
2015-01-09,94.3293347874
2015-01-12,94.3293347874
2015-01-13,94.3293347874
2015-01-14,94.0748818611
2015-01-15,92.9480189022
2015-01-16,93.0934205743
2015-01-19,95.6743002545
2015-01-20,94.3293347874
2015-01-21,93.5659760087
2015-01-22,93.5659760087
2015-01-23,93.7840785169
2015-01-26,93.7840785169
2015-01-27,95.2017448201
2015-01-28,96.9829153035
2015-01-29,99.0912395493
2015-01-30,99.0912395493
2015-02-02,99.0912395493
2015-02-03,99.0912395493
2015-02-04,99.0912395493
2015-02-05,99.6001454017
2015-02-06,99.6001454017
2015-02-09,99.6001454017
2015-02-10,98.6913849509
2015-02-11,98.6913849509
2015-02-12,101.0541621229
2015-02-13,101.0541621229
2015-02-16,99.0185387132
2015-02-17,93.3478735005
2015-02-25,93.7840785169
2015-02-26,93.7840785169
2015-02-27,96.8738640494
2015-03-02,100.4362050164
2015-03-03,100.4362050164
2015-03-04,100.4362050164
2015-03-05,100.4362050164
2015-03-06,100.4362050164
2015-03-09,100.6480957442
2015-03-10,102.4844820526
2015-03-11,104.2855532396
2015-03-12,104.0383473904
2015-03-13,104.9565405445
2015-03-16,105.4509522429
2015-03-17,105.4862673642
2015-03-18,104.9212254232
2015-03-19,104.3208683609
2015-03-20,104.8859103019
2015-03-23,104.9918556658
2015-03-24,106.7929268528
2015-03-25,106.9341873381
2015-03-26,107.0754478233
2015-03-27,108.1349014628
2015-03-30,108.3821073120
2015-03-31,108.6999434038
2015-04-01,106.2985151544
2015-04-02,106.1572546692
2015-04-03,105.6275278495
2015-04-07,105.8394185774
2015-04-08,104.7446498166
2015-04-09,104.3208683609
2015-04-10,103.8617717838
2015-04-13,103.7911415412
2015-04-14,103.2260996001
2015-04-15,101.6722342623
2015-04-16,101.5662888984
2015-04-17,101.6016040197
2015-04-20,101.7428645050
2015-04-21,102.4491669312
2015-04-22,102.7316879018
2015-04-23,102.6963727804
2015-04-24,102.5904274165
2015-04-27,102.4844820526
2015-04-28,102.6257425378
2015-04-29,102.1313308394
2015-04-30,102.2019610820
2015-05-04,100.7187259869
2015-05-05,100.7187259869
2015-05-06,100.7187259869
2015-05-07,100.7187259869
2015-05-08,100.7187259869
2015-05-11,100.7187259869
2015-05-12,100.5464983433
2015-05-13,100.5464983433
2015-05-14,100.5464983433
2015-05-15,100.5464983433
2015-05-18,100.5464983433
2015-05-19,100.5464983433
2015-05-20,100.5464983433
2015-05-21,100.5464983433
2015-05-22,100.5464983433
2015-05-25,100.5464983433
2015-05-26,100.5464983433
2015-05-27,100.5464983433
2015-05-28,100.5464983433
2015-05-29,98.1697568613
2015-06-01,98.1697568613
2015-06-02,98.1697568613
2015-06-03,98.1697568613
2015-06-04,98.1697568613
2015-06-05,98.1697568613
2015-06-08,96.0685796092
2015-06-09,96.0685796092
2015-06-10,96.2408072528
2015-06-11,96.2408072528
2015-06-12,96.2408072528
2015-06-15,94.7252039890
2015-06-16,94.7252039890
2015-06-17,94.7252039890
2015-06-18,94.7252039890
2015-06-19,94.7252039890
2015-06-23,96.4130348965
2015-06-24,96.4130348965
2015-06-25,96.4130348965
2015-06-26,96.4130348965
2015-06-29,96.4130348965
2015-06-30,100.2364885847
2015-07-01,97.9630836890
2015-07-02,97.9630836890
2015-07-03,99.0308950794
2015-07-06,99.0308950794
2015-07-07,99.0308950794
2015-07-08,99.0308950794
2015-07-09,101.4730436715
2015-07-10,101.7561913343
2015-07-13,101.5792240450
2015-07-14,101.1898960086
2015-07-15,100.9421418036
2015-07-16,101.5084371293
2015-07-17,102.2163062864
2015-07-20,101.0483221772
2015-07-21,100.4820268515
2015-07-22,100.6943875986
2015-07-23,100.5882072251
2015-07-24,100.3050595622
2015-07-27,98.8185343323
2015-07-28,98.6415670430
2015-07-29,99.6325838630
2015-07-30,99.3848296580
2015-07-31,99.0662885373
2015-08-03,98.0752717173
2015-08-04,98.0752717173
2015-08-05,97.8629109702
2015-08-06,97.8275175123
2015-08-07,97.7567305966
2015-08-10,97.7921240545
2015-08-11,98.1460586330
2015-08-12,98.0044848016
2015-08-13,97.9336978859
2015-08-14,97.9336978859
2015-08-17,97.9336978859
2015-08-18,97.9336978859
2015-08-19,97.9690913438
2015-08-20,98.2876324645
2015-08-21,98.3230259223
2015-08-24,97.8629109702
2015-08-25,98.6061735852
2015-08-26,98.1460586330
2015-08-27,97.7921240545
2015-08-28,97.8275175123
2015-08-31,96.3763857403
2015-09-01,95.4915492939
2015-09-02,94.6067128475
2015-09-07,95.2791885468
2015-09-08,93.2617614490
2015-09-09,93.2617614490
2015-09-10,93.9696306061
2015-09-11,93.9696306061
2015-09-14,92.0234053532
2015-09-15,95.6955284719
2015-09-16,95.6955284719
2015-09-17,95.6955284719
2015-09-18,95.6955284719
2015-09-21,95.6955284719
2015-09-22,99.4410940529
2015-09-23,99.4410940529
2015-09-24,99.4410940529
2015-09-25,99.4410940529
2015-09-28,98.0089660366
2015-09-29,98.0089660366
2015-09-30,98.0089660366
2015-10-08,98.0089660366
2015-10-09,98.0089660366
2015-10-12,98.0089660366
2015-10-13,94.1165155308
2015-10-14,88.4981671593
2015-10-15,83.3571947932
2015-10-16,82.7329338631
2015-10-19,82.7329338631
2015-10-20,82.7329338631
2015-10-21,82.7329338631
2015-10-22,82.7329338631
2015-10-23,82.7329338631
2015-10-26,82.7329338631
2015-10-27,79.4280230563
2015-10-28,76.2699971742
2015-10-29,76.2699971742
2015-10-30,76.2699971742
2015-11-02,76.2699971742
2015-11-03,76.2699971742
2015-11-04,76.2699971742
2015-11-05,76.2699971742
2015-11-06,76.2699971742
2015-11-09,77.4565017487
2015-11-10,77.2711104089
2015-11-11,77.7531278923
2015-11-12,79.7924326295
2015-11-13,81.6092677591
2015-11-16,81.6834242950
2015-11-17,81.3867981514
2015-11-18,81.3867981514
2015-11-19,80.6823110604
2015-11-20,81.5721894912
2015-11-23,82.2025200463
2015-11-24,83.4261028887
2015-11-25,83.0923984771
2015-11-26,84.1305899798
2015-11-27,84.4642943913
2015-11-30,84.5013726593
2015-12-01,83.9081203720
2015-12-02,83.8339638361
2015-12-03,83.8710421041
2015-12-04,82.4249896540
2015-12-07,81.6092677591
2015-12-08,81.1272502758
2015-12-09,80.8306241322
2015-12-10,81.3867981514
2015-12-11,81.5721894912
2015-12-14,82.1654417784
2015-12-15,83.0923984771
2015-12-16,83.7968855682
2015-12-17,84.9463118747
2015-12-18,85.2429380183
2015-12-21,85.1317032144
2015-12-22,84.9833901426
2015-12-23,83.6114942284
2015-12-24,83.6485724964
2015-12-25,83.9081203720
2015-12-28,82.4991461899
2015-12-29,83.5002594246
2015-12-30,83.9081203720
2015-12-31,84.0564334439
2016-01-04,81.2384850796
2016-01-05,83.3890246207
2016-01-06,82.4620679220
2016-01-07,81.6463460271
2016-01-08,81.7946590989
2016-01-11,81.7946590989
2016-01-12,81.7946590989
2016-01-13,82.8928281331
2016-01-14,80.2042073942
2016-01-15,80.2042073942
2016-01-18,80.2042073942
2016-01-19,80.2042073942
2016-01-20,80.2042073942
2016-01-21,80.2042073942
2016-01-22,81.1130369397
2016-01-25,81.4159801216
2016-01-26,80.3178110874
2016-01-27,80.3178110874
2016-01-28,80.8479616556
2016-01-29,80.4314147806
2016-02-01,81.2266406329
2016-02-02,81.2266406329
2016-02-03,81.2266406329
2016-02-04,80.8100937579
2016-02-05,79.8255284169
2016-02-15,79.8255284169
2016-02-16,81.4159801216
2016-02-17,81.4159801216
2016-02-18,82.8549602353
2016-02-19,82.8549602353
2016-02-22,82.2490738716
2016-02-23,81.6431875079
2016-02-24,80.6586221669
2016-02-25,80.6586221669
2016-02-26,77.4398508598
2016-02-29,80.2799431896
2016-03-01,80.2799431896
2016-03-02,77.6291903485
2016-03-03,77.6291903485
2016-03-04,77.6291903485
2016-03-07,77.6291903485
2016-03-08,77.6291903485
2016-03-09,77.3712860616
2016-03-10,76.7081036096
2016-03-11,77.1502252443
2016-03-14,76.7817905487
2016-03-15,76.1922950359
2016-03-16,75.7133299317
2016-03-17,75.0869909493
2016-03-18,76.2291385054
2016-03-21,76.7081036096
2016-03-22,76.5238862619
2016-03-23,76.0080776881
2016-03-24,75.4185821753
2016-03-25,75.4554256448
2016-03-28,74.4974954364
2016-03-29,74.5711823756
2016-03-30,74.6817127842
2016-03-31,74.2027476800
2016-04-01,74.4238084973
2016-04-05,74.9396170711
2016-04-06,74.8659301320
2016-04-07,74.6080258451
2016-04-08,74.4606519669
2016-04-11,74.3501215582
2016-04-12,74.7553997233
2016-04-13,74.9764605406
2016-04-14,74.8659301320
2016-04-15,74.3132780887
2016-04-18,75.4922691144
2016-04-19,74.9396170711
2016-04-20,76.3765123837
2016-04-21,77.0396948356
2016-04-22,75.4922691144
2016-04-25,75.3817387057
2016-04-26,75.5291125839
2016-04-27,75.9343907490
2016-04-28,75.2343648275
2016-04-29,75.1606778884
2016-05-03,74.6817127842
2016-05-04,75.1606778884
2016-05-05,75.8975472795
2016-05-06,73.8343129845
2016-05-09,75.2343648275
2016-05-10,75.0501474797
2016-05-11,74.6468491787
2016-05-12,74.6468491787
2016-05-13,73.0703194563
2016-05-16,73.0703194563
2016-05-17,76.0033980095
2016-05-18,76.0033980095
2016-05-19,72.3737133000
2016-05-20,73.2536368659
2016-05-23,73.2536368659
2016-05-24,73.2536368659
2016-05-25,73.2536368659
2016-05-26,73.2536368659
2016-05-27,75.5267727446
2016-05-30,78.3865243340
2016-05-31,78.3865243340
2016-06-01,80.4030158393
2016-06-02,82.6761517180
2016-06-03,82.6761517180
2016-06-06,82.6761517180
2016-06-07,82.6761517180
2016-06-08,81.3196028872
2016-06-13,82.8594691276
2016-06-14,82.5294977904
2016-06-15,79.6697462010
2016-06-16,79.6697462010
2016-06-17,79.6697462010
2016-06-20,79.6697462010
2016-06-21,79.6697462010
2016-06-22,79.6697462010
2016-06-23,80.0363810202
2016-06-24,80.5863332489
2016-06-27,80.6596602127
2016-06-28,80.6596602127
2016-06-29,82.3095168989
2016-06-30,86.3791633914
2016-07-01,86.3791633914
2016-07-04,86.3791633914
2016-07-05,86.3791633914
2016-07-06,86.3791633914
2016-07-07,86.3791633914
2016-07-08,86.3791633914
2016-07-11,86.9594456791
2016-07-12,86.0475735128
2016-07-13,87.1666893533
2016-07-14,86.2548171869
2016-07-15,86.5864070656
2016-07-18,84.0994829756
2016-07-19,83.2705082790
2016-07-20,83.2290595442
2016-07-21,83.5606494228
2016-07-22,83.2290595442
2016-07-25,83.5606494228
2016-07-26,83.5606494228
2016-07-27,82.9803671352
2016-07-28,81.7783538250
2016-07-29,81.2809690070
2016-08-01,81.9441487643
2016-08-02,81.5296614160
2016-08-03,81.6954563553
2016-08-04,81.9441487643
2016-08-05,81.8612512947
2016-08-08,81.4467639463
2016-08-09,81.5296614160
2016-08-10,82.1513924385
2016-08-11,82.0684949688
2016-08-12,81.9027000295
2016-08-15,82.1513924385
2016-08-16,82.0270462340
2016-08-17,81.3638664767
2016-08-18,80.9493791283
2016-08-19,80.9079303935
2016-08-22,81.1980715373
2016-08-23,81.1566228025
2016-08-24,80.9493791283
2016-08-25,80.5763405149
2016-08-26,80.5763405149
2016-08-29,79.9546094924
2016-08-30,79.8302632879
2016-08-31,79.8717120227
2016-09-01,80.2033019014
2016-09-02,80.4105455755
2016-09-05,80.4105455755
2016-09-06,80.4105455755
2016-09-07,81.2809690070
2016-09-08,82.0270462340
2016-09-09,82.0270462340
2016-09-12,82.0270462340
2016-09-13,82.0270462340
2016-09-14,82.0270462340
2016-09-19,82.3012313468
2016-09-20,82.6211139783
2016-09-21,82.6211139783
2016-09-22,82.6211139783
2016-09-23,82.6668114971
2016-09-26,82.6668114971
2016-09-27,82.0727437528
2016-09-28,79.6507752567
2016-09-29,79.6507752567
2016-09-30,79.6507752567
2016-10-10,82.2098363092
2016-10-11,82.2098363092
2016-10-12,81.7071636024
2016-10-13,84.2662246549
2016-10-14,84.3576196925
2016-10-17,84.3576196925
2016-10-18,82.5297189407
2016-10-19,83.5350643542
2016-10-20,85.3629651059
2016-10-21,83.8549469857
2016-10-24,83.5350643542
2016-10-25,85.1801750307
2016-10-26,85.1801750307
2016-10-27,83.4436693166
2016-10-28,84.4490147300
2016-10-31,82.4383239031
2016-11-01,82.4383239031
2016-11-02,83.6264593918
2016-11-03,83.6264593918
2016-11-04,83.6264593918
2016-11-07,83.6264593918
2016-11-08,83.6264593918
2016-11-09,84.4512683063
2016-11-10,86.1925315704
2016-11-11,87.1548086373
2016-11-14,85.7343043956
2016-11-15,85.8717725480
2016-11-16,85.4135453733
2016-11-17,85.3218999383
2016-11-18,85.8717725480
2016-11-21,86.5132905927
2016-11-22,88.4836674441
2016-11-23,88.2545538567
2016-11-24,87.9796175519
2016-11-25,85.8717725480
2016-11-28,87.2006313548
2016-11-29,88.3920220092
2016-11-30,89.1710082062
2016-12-01,88.6669583140
2016-12-02,88.8044264664
2016-12-05,89.2168309237
2016-12-06,88.3461992917
2016-12-07,88.2087311393
2016-12-08,87.8879721169
2016-12-09,88.4836674441
2016-12-12,88.8960719014
2016-12-13,88.0712629868
2016-12-14,87.7505039645
2016-12-15,87.7505039645
2016-12-16,88.0254402694
2016-12-19,88.1629084218
2016-12-20,86.5132905927
2016-12-21,84.5429137413
2016-12-22,84.2221547189
2016-12-23,84.0388638490
2016-12-26,84.2221547189
2016-12-27,83.2598776520
2016-12-28,82.1143097151
2016-12-29,81.4269689530
2016-12-30,80.4646918860
2017-01-03,82.0684869976
2017-01-04,83.3057003694
2017-01-05,83.0765867821
2017-01-06,80.0064647112
2017-01-09,80.1897555811
2017-01-10,80.1897555811
2017-01-11,80.1897555811
2017-01-12,78.4695132997
2017-01-13,79.8368853696
2017-01-16,81.3806925452
2017-01-17,81.3806925452
2017-01-18,81.6012364275
2017-01-19,81.6453452039
2017-01-20,79.4399063815
2017-01-23,79.3957976051
2017-01-24,79.3957976051
2017-01-25,79.3957976051
2017-01-26,78.2048606410
2017-02-03,79.4840151580
2017-02-06,79.7486678167
2017-02-07,78.9106010642
2017-02-08,78.9547098406
2017-02-09,78.5136220761
2017-02-10,77.3667938885
2017-02-13,77.8519904294
2017-02-14,76.9257061240
2017-02-15,76.1317481480
2017-02-16,76.1317481480
2017-02-17,76.4405095831
2017-02-20,77.1462500063
2017-02-21,77.0139236769
2017-02-22,77.9402079823
2017-02-23,77.8519904294
2017-02-24,75.5583340542
2017-02-27,76.9257061240
2017-02-28,77.8078816530
2017-03-01,77.8078816530
2017-03-02,77.8078816530
2017-03-03,77.8078816530
2017-03-06,77.8078816530
2017-03-07,77.8078816530
2017-03-08,79.3957976051
2017-03-09,79.4795484465
2017-03-10,78.9351679776
2017-03-13,78.8095417156
2017-03-14,79.7308009705
2017-03-15,79.2282959224
2017-03-16,79.6051747085
2017-03-17,78.4326629295
2017-03-20,78.8932925570
2017-03-21,79.3539221844
2017-03-22,79.7308009705
2017-03-23,79.1026696604
2017-03-24,79.6470501292
2017-03-27,79.8564272326
2017-03-28,79.5632992878
2017-03-29,79.2282959224
2017-03-30,79.2282959224
2017-03-31,79.7726763912
2017-04-05,80.1495551773
2017-04-06,79.7726763912
2017-04-07,79.5214238671
2017-04-10,79.2701713431
2017-04-11,79.1026696604
2017-04-12,79.1026696604
2017-04-13,79.2701713431
2017-04-14,79.3120467637
2017-04-17,79.2282959224
2017-04-18,79.2282959224
2017-04-19,78.8932925570
2017-04-20,79.0189188190
2017-04-21,79.7308009705
2017-04-24,79.1864205017
2017-04-25,78.2651612468
2017-04-26,78.1814104054
2017-04-27,77.6789053573
2017-04-28,76.0876393715
2017-05-02,76.2970164749
2017-05-03,77.5532790953
2017-05-04,77.1764003092
2017-05-05,77.5114036746
2017-05-08,77.3857774126
2017-05-09,77.2601511505
2017-05-10,77.2601511505
2017-05-11,77.2601511505
2017-05-12,77.5065950138
2017-05-15,77.5065950138
2017-05-16,77.9584087633
2017-05-17,77.9584087633
2017-05-18,77.9584087633
2017-05-19,77.9584087633
2017-05-22,76.9726333100
2017-05-23,76.9726333100
2017-05-24,77.7941128544
2017-05-25,77.9994827405
2017-05-26,75.9047099023
2017-05-31,76.1100797884
2017-06-01,76.6851154694
2017-06-02,78.0405567177
2017-06-05,77.8351868316
2017-06-06,77.7119648999
2017-06-07,78.1637786494
2017-06-08,77.2601511505
2017-06-09,77.9173347860
2017-06-12,78.2459266038
2017-06-13,78.0405567177
2017-06-14,78.0405567177
2017-06-15,78.0405567177
2017-06-16,77.8351868316
2017-06-19,77.8351868316
2017-06-20,76.8904853555
2017-06-21,77.7530388772
2017-06-22,77.8762608088
2017-06-23,77.8762608088
2017-06-26,78.7388143304
2017-06-27,80.7514392142
2017-06-28,82.8462120524
2017-06-29,80.4228473965
2017-06-30,78.9441842165
2017-07-03,83.1337298930
2017-07-04,83.1337298930
2017-07-05,87.9804592049
2017-07-06,87.9804592049
2017-07-07,82.7229901208
2017-07-10,83.4626889892
2017-07-11,83.0928395550
2017-07-12,83.2161226997
2017-07-13,82.4353294497
2017-07-14,82.4353294497
2017-07-17,82.0654800155
2017-07-18,82.9695564102
2017-07-19,82.7229901208
2017-07-20,82.4764238313
2017-07-21,82.1065743971
2017-07-24,80.8326485681
2017-07-25,80.7504598049
2017-07-26,80.3395159891
2017-07-27,80.3806103707
2017-07-28,80.2573272260
2017-07-31,79.7231002654
2017-08-01,80.0929496996
2017-08-02,79.7641946470
2017-08-03,80.3395159891
2017-08-04,80.5449878970
2017-08-07,80.0518553181
2017-08-08,80.8326485681
2017-08-09,81.6956305813
2017-08-10,81.3257811470
2017-08-11,81.0792148576
2017-08-14,81.4490642918
2017-08-15,81.4901586734
2017-08-16,81.6956305813
2017-08-17,81.9832912523
2017-08-18,81.9832912523
2017-08-21,82.0243856339
2017-08-22,82.1065743971
2017-08-23,82.5586125944
2017-08-24,82.4764238313
2017-08-25,82.6818957392
2017-08-28,82.2298575418
2017-08-29,81.4079699102
2017-08-30,80.2984216075
2017-08-31,79.5176283575
2017-09-01,79.5176283575
2017-09-04,80.2984216075
2017-09-05,79.7231002654
2017-09-06,81.3257811470
2017-09-07,81.3257811470
2017-09-08,80.2573272260
2017-09-11,78.1171318333
2017-09-12,79.3518599444
2017-09-13,79.2695447370
2017-09-14,79.2695447370
2017-09-15,79.2695447370
2017-09-18,79.2695447370
2017-09-19,79.1049143222
2017-09-20,79.1049143222
2017-09-21,79.1049143222
2017-09-22,80.9158488853
2017-09-25,81.4508977334
2017-09-26,82.7679410520
2017-09-27,83.0972018816
2017-09-28,83.9203539558
2017-09-29,83.9203539558
2017-10-09,84.0026691632
2017-10-10,84.4965604076
2017-10-11,84.8669788410
2017-10-12,84.9492940484
2017-10-13,84.9492940484
2017-10-16,84.0026691632
2017-10-17,84.0026691632
2017-10-18,84.0026691632
2017-10-19,84.0026691632
2017-10-20,83.5087779187
2017-10-23,83.5087779187
2017-10-24,83.5087779187
2017-10-25,83.5087779187
2017-10-26,83.5087779187
2017-10-27,83.5087779187
2017-10-30,83.5087779187
2017-10-31,82.1505769964
2017-11-01,82.1505769964
2017-11-02,82.1505769964
2017-11-03,82.1505769964
2017-11-06,82.1505769964
2017-11-07,82.1505769964
2017-11-08,82.1505769964
2017-11-09,82.7914396156
2017-11-10,83.2720865800
2017-11-13,83.3521944074
2017-11-14,85.6352674882
2017-11-15,86.5565075033
2017-11-16,85.7554292293
2017-11-17,83.7126796307
2017-11-20,83.3121404937
2017-11-21,82.9516552704
2017-11-22,83.4323022348
2017-11-23,83.1118709252
2017-11-24,82.9917091841
2017-11-27,83.1919787526
2017-11-28,83.3121404937
2017-11-29,83.4323022348
2017-11-30,82.7513857019
2017-12-01,81.9903613416
2017-12-04,83.1519248389
2017-12-05,82.6312239608
2017-12-06,82.8314935293
2017-12-07,82.1105230827
2017-12-08,81.9102535142
2017-12-11,81.5497682909
2017-12-12,81.5497682909
2017-12-13,81.5097143772
2017-12-14,82.0304152553
2017-12-15,81.6298761183
2017-12-18,82.2306848238
2017-12-19,82.4309543923
2017-12-20,82.2306848238
2017-12-21,82.2707387375
2017-12-22,82.3508465649
2017-12-25,81.9102535142
2017-12-26,82.0704691690
2017-12-27,83.1519248389
2017-12-28,83.3922483211
2017-12-29,83.7126796307
2018-01-02,84.4336500773
2018-01-03,84.0331109403
2018-01-04,83.5124100622
2018-01-05,83.5124100622
2018-01-08,82.9917091841
2018-01-09,82.5911700471
2018-01-10,82.5911700471
2018-01-11,82.6301281462
2018-01-12,82.6301281462
2018-01-15,82.6301281462
2018-01-16,82.6301281462
2018-01-17,82.6690862453
2018-01-18,82.6690862453
2018-01-19,82.6690862453
2018-01-22,83.2144996324
2018-01-23,83.2144996324
2018-01-24,83.2144996324
2018-01-25,83.2144996324
2018-01-26,83.2144996324
2018-01-29,83.2144996324
2018-01-30,83.2144996324
2018-01-31,83.2144996324
2018-02-01,85.2792788835
2018-02-02,86.4480218559
2018-02-05,86.9934352430
2018-02-06,86.9934352430
2018-02-07,86.9934352430
2018-02-08,86.9934352430
2018-02-09,86.9934352430
2018-02-12,86.9934352430
2018-02-13,84.6949073974
2018-02-14,84.6949073974
2018-02-22,84.6949073974
2018-02-23,83.5261644250
2018-02-26,83.5261644250
2018-02-27,83.5261644250
2018-02-28,87.6946810264
2018-03-01,94.7071388606
2018-03-02,104.1739569368
2018-03-05,104.1739569368
2018-03-06,104.1739569368
2018-03-07,104.1739569368
2018-03-08,104.1739569368
2018-03-09,104.4127784795
2018-03-12,102.8843206061
2018-03-13,102.5499704462
2018-03-14,102.5499704462
2018-03-15,101.6902128924
2018-03-16,102.0723273608
2018-03-19,102.3589132121
2018-03-20,102.0245630522
2018-03-21,102.6932633719
2018-03-22,101.5946842753
2018-03-23,101.6424485839
2018-03-26,101.6424485839
2018-03-27,101.6902128924
2018-03-28,102.8365562975
2018-03-29,102.5977347548
2018-03-30,102.6454990633
2018-04-02,101.9290344352
2018-04-03,102.5977347548
2018-04-04,102.9320849146
2018-04-09,101.7379772010
2018-04-10,101.0692768813
2018-04-11,101.2125698070
2018-04-12,101.3558627326
2018-04-13,101.7857415095
2018-04-16,102.0245630522
2018-04-17,102.1200916693
2018-04-18,102.2633845950
2018-04-19,102.0723273608
2018-04-20,103.1231421488
2018-04-23,103.2186707659
2018-04-24,102.9320849146
2018-04-25,102.5977347548
2018-04-26,102.5977347548
2018-04-27,104.1261926282
2018-05-02,104.7948929479
2018-05-03,104.5083070966
2018-05-04,103.8873710855
2018-05-07,103.7918424684
2018-05-08,104.1261926282
2018-05-09,105.0814787991
2018-05-10,105.9431947984
2018-05-11,105.8474485763
2018-05-14,104.5070014663
2018-05-15,104.5070014663
2018-05-16,104.5070014663
2018-05-17,103.8846510224
2018-05-18,104.3633821331
2018-05-21,105.3208443545
2018-05-22,105.3208443545
2018-05-23,105.3208443545
2018-05-24,107.1878956862
2018-05-25,106.7091645755
2018-05-28,105.7038292430
2018-05-29,105.7038292430
2018-05-30,105.7038292430
2018-05-31,105.7038292430
2018-06-01,105.7995754652
2018-06-04,105.7995754652
2018-06-05,105.7995754652
2018-06-06,105.7995754652
2018-06-07,105.3208443545
2018-06-08,104.7942401327
2018-06-11,104.7942401327
2018-06-12,104.7942401327
2018-06-13,104.7942401327
2018-06-14,104.7942401327
2018-06-15,104.7942401327
2018-06-19,104.7942401327
2018-06-20,104.7942401327
2018-06-21,104.7942401327
2018-06-22,104.7942401327
2018-06-25,104.7942401327
2018-06-26,104.7942401327
2018-06-27,104.7942401327
2018-06-28,104.7942401327
2018-06-29,104.7942401327
2018-07-02,104.7942401327
2018-07-03,104.7942401327
2018-07-04,111.0656176829
2018-07-05,107.7144999080
2018-07-06,107.2357687973
2018-07-09,107.9056932788
2018-07-10,107.7142862841
2018-07-11,107.6185827868
2018-07-12,107.2836205460
2018-07-13,107.2357687973
2018-07-16,108.6713212578
2018-07-17,108.9584317499
2018-07-18,109.1019869959
2018-07-19,109.4369492367
2018-07-20,109.6762079801
2018-07-23,109.1019869959
2018-07-24,108.9584317499
2018-07-25,108.9105800012
2018-07-26,108.4799142630
2018-07-27,108.0971002736
2018-07-30,108.3363590170
2018-07-31,108.9105800012
2018-08-01,108.7191730064
2018-08-02,108.3363590170
2018-08-03,109.0541352472
2018-08-06,111.1117604406
2018-08-07,110.9203534458
2018-08-08,110.9203534458
2018-08-09,111.2074639379
2018-08-10,110.7289464511
2018-08-13,111.0160569432
2018-08-14,110.7767981998
2018-08-15,110.9682051945
2018-08-16,110.9682051945
2018-08-17,110.5853912051
2018-08-20,110.4418359590
2018-08-21,109.8676149748
2018-08-22,110.2982807130
2018-08-23,110.8725016972
2018-08-24,110.4418359590
2018-08-27,110.4896877077
2018-08-28,110.5375394564
2018-08-29,110.5375394564
2018-08-30,111.2553156866
2018-08-31,111.7816849221
2018-09-03,111.6381296761
2018-09-04,110.7289464511
2018-09-05,111.8773884195
2018-09-06,111.3510191840
2018-09-07,111.1596121892
2018-09-10,112.0295569803
2018-09-11,112.0295569803
2018-09-12,112.0295569803
2018-09-13,110.0480160674
2018-09-14,110.4829884629
2018-09-17,110.4829884629
2018-09-18,110.4829884629
2018-09-19,110.4829884629
2018-09-20,110.4829884629
2018-09-21,110.4829884629
2018-09-25,110.4829884629
2018-09-26,110.4829884629
2018-09-27,110.4829884629
2018-09-28,110.4829884629
2018-10-08,110.4829884629
2018-10-09,110.4829884629
2018-10-10,110.4829884629
2018-10-11,113.2861439007
2018-10-12,113.2861439007
2018-10-15,113.2861439007
2018-10-16,113.2861439007
2018-10-17,113.2861439007
2018-10-18,112.9961623037
2018-10-19,112.9961623037
2018-10-22,112.9961623037
2018-10-23,112.9961623037
2018-10-24,112.9961623037
2018-10-25,112.9961623037
2018-10-26,112.9961623037
2018-10-29,112.9961623037
2018-10-30,112.9961623037
2018-10-31,112.9961623037
2018-11-01,112.9961623037
2018-11-02,112.9961623037
2018-11-05,112.9961623037
2018-11-06,112.9961623037
2018-11-07,112.9961623037
2018-11-08,112.9961623037
2018-11-09,113.1855149008
2018-11-12,113.8482489905
2018-11-13,113.8009108412
2018-11-14,113.2801911993
2018-11-15,112.6174571095
2018-11-16,112.5701189603
2018-11-19,112.5227808110
2018-11-20,112.5227808110
2018-11-21,112.5701189603
2018-11-22,112.1440756168
2018-11-23,112.3807663632
2018-11-26,112.9488241544
2018-11-27,113.2801911993
2018-11-28,114.0849397369
2018-11-29,114.5583212295
2018-11-30,114.3689686325
2018-12-03,112.9488241544
2018-12-04,111.5286796764
2018-12-05,111.6706941242
2018-12-06,111.7180322734
2018-12-07,110.6765929895
2018-12-10,110.6765929895
2018-12-11,110.9132837359
2018-12-12,111.4813415271
2018-12-13,111.2919889300
2018-12-14,111.4340033778
2018-12-17,110.8659455866
2018-12-18,110.7712692881
2018-12-19,111.0552981837
2018-12-20,111.1026363329
2018-12-21,111.1026363329
2018-12-24,110.8659455866
2018-12-25,111.1499744822
2018-12-26,111.3393270793
2018-12-27,111.2446507807
2018-12-28,111.1499744822
2019-01-02,110.9132837359
2019-01-03,111.6706941242
2019-01-04,110.7712692881
2019-01-07,110.3925640939
2019-01-08,110.9606218851
2019-01-09,111.1499744822
2019-01-10,110.3410919624
2019-01-11,110.3410919624
2019-01-14,107.0579805586
2019-01-15,107.0579805586
2019-01-16,107.0579805586
2019-01-17,107.0579805586
2019-01-18,107.0579805586
2019-01-21,107.0579805586
2019-01-22,110.7693238847
2019-01-23,109.8652787155
2019-01-24,109.8652787155
2019-01-25,109.8652787155
2019-01-28,109.8652787155
2019-01-29,109.8652787155
2019-01-30,110.7217425600
2019-01-31,110.5789985859
2019-02-01,110.3410919624
2019-02-11,110.3410919624
2019-02-12,110.3410919624
2019-02-13,110.3410919624
2019-02-14,110.3410919624
2019-02-15,110.3410919624
2019-02-18,108.2475136760
2019-02-19,108.2475136760
2019-02-20,108.4378389747
2019-02-21,108.4378389747
2019-02-22,108.4378389747
2019-02-25,108.4378389747
2019-02-26,108.2950950006
2019-02-27,109.3418841439
2019-02-28,108.6757455982
2019-03-01,108.6757455982
2019-03-04,108.6757455982
2019-03-05,108.6757455982
2019-03-06,108.6757455982
2019-03-07,108.6757455982
2019-03-08,108.6757455982
2019-03-11,108.8649937403
2019-03-12,109.1961779890
2019-03-13,108.9596178113
2019-03-14,109.2908020600
2019-03-15,109.6219863087
2019-03-18,109.5746742731
2019-03-19,109.5746742731
2019-03-20,108.9123057758
2019-03-21,108.3445613495
2019-03-22,107.9660650653
2019-03-25,107.8241289588
2019-03-26,108.0133771009
2019-03-27,107.8241289588
2019-03-28,107.3510086035
2019-03-29,107.4929447101
2019-04-01,107.8241289588
2019-04-02,108.1080011719
2019-04-03,108.0606891364
2019-04-04,108.6284335627
2019-04-08,108.7230576337
2019-04-09,108.0133771009
2019-04-10,108.2026252430
2019-04-11,107.8241289588
2019-04-12,108.1553132074
2019-04-15,108.5811215271
2019-04-16,108.7703696692
2019-04-17,109.0069298469
2019-04-18,108.5338094916
2019-04-19,108.7703696692
2019-04-22,108.9123057758
2019-04-23,109.0069298469
2019-04-24,108.3445613495
2019-04-25,107.3983206390
2019-04-26,107.0198243549
2019-04-29,107.0671363904
2019-04-30,106.9725123193
2019-05-06,107.3983206390
2019-05-07,106.9252002838
2019-05-08,106.9725123193
2019-05-09,107.3036965680
2019-05-10,106.7832641772
2019-05-13,107.1043478754
2019-05-14,108.1134680695
2019-05-15,109.0308500641
2019-05-16,109.0767191639
2019-05-17,109.0767191639
2019-05-20,109.0308500641
2019-05-21,107.7923843714
2019-05-22,107.7923843714
2019-05-23,107.7923843714
2019-05-24,107.7923843714
2019-05-27,107.7923843714
2019-05-28,107.7923843714
2019-05-29,107.7923843714
2019-05-30,107.7923843714
2019-05-31,107.4713006732
2019-06-03,107.2419551746
2019-06-04,107.2419551746
2019-06-05,107.2419551746
2019-06-06,107.2419551746
2019-06-10,107.2419551746
2019-06-11,107.2419551746
2019-06-12,107.2419551746
2019-06-13,107.2419551746
2019-06-14,107.2419551746
2019-06-17,107.2419551746
2019-06-18,107.2419551746
2019-06-19,105.8658821826
2019-06-20,105.8658821826
2019-06-21,105.8658821826
2019-06-24,105.8658821826
2019-06-25,105.8658821826
2019-06-26,105.8658821826
2019-06-27,101.8294014061
2019-06-28,102.5633070018
2019-07-01,102.5633070018
2019-07-02,102.5633070018
2019-07-03,102.5633070018
2019-07-04,102.5633070018
2019-07-05,102.5633070018
2019-07-08,102.2171017461
2019-07-09,101.7410695196
2019-07-10,101.3948642639
2019-07-11,101.1352103221
2019-07-12,101.0919346651
2019-07-15,101.4814155778
2019-07-16,101.3948642639
2019-07-17,101.3948642639
2019-07-18,101.5679668917
2019-07-19,101.5679668917
2019-07-22,100.4860754676
2019-07-23,100.7457294094
2019-07-24,101.1784859790
2019-07-25,101.5679668917
2019-07-26,101.4381399208
2019-07-29,102.3036530601
2019-07-30,102.2171017461
2019-07-31,102.1305504322
2019-08-01,102.3902043740
2019-08-02,102.4334800310
2019-08-05,102.1738260892
2019-08-06,101.6545182056
2019-08-07,101.7843451765
2019-08-08,100.6591780955
2019-08-09,100.0100432410
2019-08-12,100.4860754676
2019-08-13,100.4860754676
2019-08-14,100.3129728398
2019-08-15,99.7503892993
2019-08-16,100.0533188980
2019-08-19,99.3609083866
2019-08-20,99.1878057587
2019-08-21,99.0579787879
2019-08-22,99.4907353575
2019-08-23,100.2696971828
2019-08-26,100.4860754676
2019-08-27,100.3129728398
2019-08-28,99.4041840436
2019-08-29,98.8416005030
2019-08-30,97.7164334220
2019-09-02,97.8895360499
2019-09-03,97.4135038233
2019-09-04,97.4135038233
2019-09-05,99.5340110145
2019-09-06,99.4907353575
2019-09-09,99.4474597005
2019-09-10,99.4474597005
2019-09-11,99.4474597005
2019-09-12,99.4474597005
2019-09-16,99.4474597005
2019-09-17,99.4474597005
2019-09-18,99.4474597005
2019-09-19,99.4474597005
2019-09-20,99.4474597005
2019-09-23,99.4474597005
2019-09-24,99.4474597005
2019-09-25,99.4474597005
2019-09-26,99.4474597005
2019-09-27,99.4474597005
2019-09-30,99.4474597005
2019-10-08,99.4474597005
2019-10-09,99.4474597005
2019-10-10,99.4474597005
2019-10-11,98.7066153469
2019-10-14,101.5392555224
2019-10-15,101.9314672391
2019-10-16,98.0529291526
2019-10-17,98.0529291526
2019-10-18,98.0529291526
2019-10-21,98.0529291526
2019-10-22,98.4887199488
2019-10-23,98.4887199488
2019-10-24,98.4887199488
2019-10-25,98.4887199488
2019-10-28,98.4887199488
2019-10-29,98.4887199488
2019-10-30,98.4887199488
2019-10-31,98.4887199488
2019-11-01,98.4887199488
2019-11-04,98.4887199488
2019-11-05,98.4887199488
2019-11-06,98.4887199488
2019-11-07,98.4887199488
2019-11-08,98.4887199488
2019-11-11,98.3106209977
2019-11-12,97.8208488823
2019-11-13,97.5982251934
2019-11-14,97.6872746689
2019-11-15,97.5091757179
2019-11-18,98.1325220466
2019-11-19,98.4441952110
2019-11-20,98.3996704733
2019-11-21,98.8449178510
2019-11-22,98.5777694244
2019-11-25,97.9544230956
2019-11-26,97.6427499312
2019-11-27,97.6872746689
2019-11-28,97.4646509801
2019-11-29,97.5091757179
2019-12-02,97.5537004556
2019-12-03,98.0879973089
2019-12-04,98.6222941621
2019-12-05,98.6668188999
2019-12-06,98.8449178510
2019-12-09,98.7113436377
2019-12-10,98.0879973089
2019-12-11,97.8208488823
2019-12-12,97.9098983578
2019-12-13,98.4441952110
2019-12-16,98.3996704733
2019-12-17,98.1325220466
2019-12-18,97.7763241445
2019-12-19,96.8858293891
2019-12-20,96.7967799135
2019-12-23,97.2420272912
2019-12-24,97.2420272912
2019-12-25,97.1529778157
2019-12-26,97.1529778157
2019-12-27,96.7967799135
2019-12-30,96.1289088470
2019-12-31,95.5946119937
2020-01-02,94.7486419761
2020-01-03,95.1493646160
2020-01-06,95.2829388293
2020-01-07,95.6836614693
2020-01-08,96.5741562247
2020-01-09,95.2829388293
2020-01-10,92.0385376864
2020-01-13,92.0385376864
2020-01-14,95.4963862729
2020-01-15,94.8987334308
2020-01-16,96.2647970699
2020-01-17,96.2647970699
2020-01-20,96.2647970699
2020-01-21,95.2402493406
2020-01-22,95.2402493406
2020-01-23,95.2402493406
2020-02-03,94.4718385436
2020-02-04,92.1239166638
2020-02-05,92.1239166638
2020-02-06,92.1239166638
2020-02-07,92.1239166638
2020-02-10,92.1239166638
2020-02-11,92.1239166638
2020-02-12,92.1239166638
2020-02-13,92.1239166638
2020-02-14,92.1239166638
2020-02-17,88.6660680773
2020-02-18,88.6660680773
2020-02-19,91.7397112653
2020-02-20,91.7397112653
2020-02-21,91.7397112653
2020-02-24,91.7397112653
2020-02-25,91.7397112653
2020-02-26,91.7397112653
2020-02-27,88.1111047239
2020-02-28,82.3053342576
2020-03-02,82.3053342576
2020-03-03,86.2754567088
2020-03-04,86.2754567088
2020-03-05,86.2754567088
2020-03-06,86.2754567088
2020-03-09,85.9295862810
2020-03-10,86.6597571841
2020-03-11,86.7366172792
2020-03-12,86.6597571841
2020-03-13,86.5828970891
2020-03-16,86.0064463761
2020-03-17,85.7374360434
2020-03-18,85.8142961384
2020-03-19,85.6605759483
2020-03-20,85.6605759483
2020-03-23,86.3523168039
2020-03-24,86.4676069465
2020-03-25,86.6981872317
2020-03-26,86.7750473267
2020-03-27,87.0056276119
2020-03-30,87.3514980397
2020-03-31,87.0056276119
2020-04-01,86.9287675168
2020-04-02,86.9287675168
2020-04-03,86.8519074218
2020-04-07,87.3899280872
2020-04-08,87.5820783249
2020-04-09,87.6973684675
2020-04-10,87.1593478020
2020-04-13,87.2746379446
2020-04-14,87.6205083724
2020-04-15,87.9663788002
2020-04-16,87.5436482774
2020-04-17,87.2362078971
2020-04-20,87.1209177545
2020-04-21,87.0056276119
2020-04-22,87.4283581348
2020-04-23,87.9663788002
2020-04-24,88.4275393706
2020-04-27,89.0039900836
2020-04-28,88.0432388953
2020-04-29,87.9279487527
2020-04-30,87.8126586101
2020-05-06,88.6196896082
2020-05-07,88.4659694181
2020-05-08,88.4659694181
2020-05-11,89.6188708441
2020-05-12,89.6188708441
2020-05-13,88.7734097984
2020-05-14,88.7734097984
2020-05-15,88.7734097984
2020-05-18,88.6990913306
2020-05-19,88.6990913306
2020-05-20,88.6990913306
2020-05-21,86.8411296353
2020-05-22,89.1821613713
2020-05-25,88.9963652018
2020-05-26,88.9220467340
2020-05-27,88.9220467340
2020-05-28,88.9220467340
2020-05-29,88.9220467340
2020-06-01,90.2969383885
2020-06-02,90.2969383885
2020-06-03,90.2969383885
2020-06-04,89.7767091138
2020-06-05,89.9253460494
2020-06-08,89.9253460494
2020-06-09,89.9253460494
2020-06-10,91.2259192361
2020-06-11,91.0401230666
2020-06-12,90.3712568563
2020-06-15,90.3712568563
2020-06-16,90.3712568563
2020-06-17,90.3712568563
2020-06-18,90.3712568563
2020-06-19,90.3712568563
2020-06-22,90.3712568563
2020-06-23,90.3712568563
2020-06-24,90.3712568563
2020-06-29,91.0401230666
2020-06-30,91.0401230666
2020-07-01,91.0401230666
2020-07-02,91.0401230666
2020-07-03,91.0401230666
2020-07-06,90.2226199207
2020-07-07,90.2226199207
2020-07-08,90.2226199207
2020-07-09,91.0696077811
2020-07-10,91.5115144910
2020-07-13,91.4010378135
2020-07-14,91.4378633726
2020-07-15,91.4378633726
2020-07-16,92.1007234374
2020-07-17,92.3953279106
2020-07-20,94.0156525132
2020-07-21,93.9420013949
2020-07-22,94.0524780724
2020-07-23,96.5934416538
2020-07-24,96.7775694496
2020-07-27,98.3978940522
2020-07-28,97.6245573101
2020-07-29,97.6245573101
2020-07-30,98.0664640199
2020-07-31,99.3921841493
2020-08-03,100.0182186549
2020-08-04,99.4658352676
2020-08-05,98.0296384607
2020-08-06,98.0664640199
2020-08-07,96.0410582666
2020-08-10,95.2308959652
2020-08-11,95.3413726427
2020-08-12,94.7521636963
2020-08-13,95.1940704061
2020-08-14,95.8937560300
2020-08-17,95.2308959652
2020-08-18,95.1204192878
2020-08-19,93.8683502766
2020-08-20,93.6105713626
2020-08-21,93.2791413302
2020-08-24,92.4689790289
2020-08-25,92.7635835021
2020-08-26,93.2054902119
2020-08-27,92.9845368570
2020-08-28,93.0581879753
2020-08-31,93.2054902119
2020-09-01,92.6899323838
2020-09-02,92.6162812655
2020-09-03,91.0696077811
2020-09-04,93.3527924485
2020-09-07,93.8315247175
2020-09-08,93.9420013949
2020-09-09,93.8331882659
2020-09-10,94.8125064272
2020-09-11,95.5741983304
2020-09-14,96.3721612766
2020-09-15,95.7918245884
2020-09-16,95.7918245884
2020-09-17,96.6986006637
2020-09-18,97.3152083948
2020-09-21,97.8230029970
2020-09-22,96.8074137927
2020-09-23,95.9369087605
2020-09-24,95.5379272874
2020-09-25,95.3928431153
2020-09-28,96.5172454486
2020-09-29,96.0819929325
2020-09-30,95.3565720723
2020-10-09,97.6416477819
2020-10-12,97.8230029970
2020-10-13,99.0924895023
2020-10-14,100.2894339216
2020-10-15,99.7816393195
2020-10-16,99.8541814055
2020-10-19,102.0304439861
2020-10-20,102.4294254592
2020-10-21,102.7558648463
2020-10-22,104.6056880398
2020-10-23,102.9372200613
2020-10-26,103.0460331904
2020-10-27,102.0304439861
2020-10-28,101.1962099969
2020-10-29,103.4450146635
2020-10-30,102.8284069323
2020-11-02,101.3775652119
2020-11-03,101.3775652119
2020-11-04,103.7714540505
2020-11-05,103.7714540505
2020-11-06,103.7714540505
2020-11-09,102.3124529391
2020-11-10,102.5677781336
2020-11-11,102.8595783559
2020-11-12,103.7349790228
2020-11-13,103.9903042173
2020-11-16,105.1939801342
2020-11-17,105.4493053287
2020-11-18,105.6316804676
2020-11-19,105.9964307455
2020-11-20,105.7046305232
2020-11-23,106.0329057733
2020-11-24,105.6316804676
2020-11-25,104.7198047730
2020-11-26,105.2304551620
2020-11-27,105.3398802453
2020-11-30,107.1271566068
2020-12-01,108.3308325238
2020-12-02,108.3308325238
2020-12-03,108.0025572737
2020-12-04,106.3247059956
2020-12-07,106.0693808010
2020-12-08,105.5587304120
2020-12-09,105.1939801342
2020-12-10,104.9386549397
2020-12-11,103.7714540505
2020-12-14,103.3337537171
2020-12-15,102.8231033281
2020-12-16,103.2243286338
2020-12-17,103.5526038838
2020-12-18,103.5890789116
2020-12-21,104.5739046618
2020-12-22,104.7927548285
2020-12-23,105.3763552731
2020-12-24,105.0845550508
2020-12-25,105.9234806899
2020-12-28,107.0542065513
2020-12-29,106.6894562734
2020-12-30,107.3095317458
2020-12-31,107.8566571626
2021-01-04,109.2427082184
2021-01-05,108.6955828016
2021-01-06,110.2640089964
2021-01-07,110.8476094410
2021-01-08,112.3066105524
2021-01-11,115.5555963929
2021-01-12,115.4472968649
2021-01-13,118.2630845933
2021-01-14,117.3244886838
2021-01-15,117.8298864812
2021-01-18,119.2377803454
2021-01-19,119.8875775135
2021-01-20,119.4904792441
2021-01-21,119.7431781428
2021-01-22,119.9597771989
2021-01-25,118.2269847506
2021-01-26,118.3352842786
2021-01-27,118.4796836493
2021-01-28,117.9381860092
2021-01-29,116.7468912011
2021-02-01,117.6854871105
2021-02-02,118.7684823907
2021-02-03,118.5879831773
2021-02-04,118.9489816041
2021-02-05,119.6348786148
2021-02-08,119.8514776709
2021-02-09,120.5373746816
2021-02-10,120.5373746816
2021-02-18,120.7539737377
2021-02-19,120.5373746816
2021-02-22,120.7178738950
2021-02-23,123.9307598928
2021-02-24,126.4577488798
2021-02-25,126.2772496665
2021-02-26,127.5046443173
2021-03-01,126.8187473065
2021-03-02,126.8187473065
2021-03-03,127.1436458906
2021-03-04,126.4938487225
2021-03-05,126.4938487225
2021-03-08,128.1496281730
2021-03-09,126.5708617202
2021-03-10,124.8765757708
2021-03-11,123.9909262972
2021-03-12,123.6443678076
2021-03-15,124.0294327961
2021-03-16,124.7995627731
2021-03-17,126.0702772351
2021-03-18,125.7622252443
2021-03-19,126.0702772351
2021-03-22,127.1484592029
2021-03-23,127.3024851983
2021-03-24,126.2628097294
2021-03-25,124.9150822696
2021-03-26,124.4144977846
2021-03-29,123.6828743064
2021-03-30,122.9512508283
2021-03-31,122.2581338490
2021-04-01,122.9897573271
2021-04-02,120.5253414007
2021-04-06,120.4098219042
2021-04-07,121.9885883570
2021-04-08,123.9139132995
2021-04-09,124.4915107823
2021-04-12,124.4915107823
2021-04-13,122.8742378306
2021-04-14,122.9127443294
2021-04-15,124.7995627731
2021-04-16,125.9932642374
2021-04-19,126.0317707363
2021-04-20,125.5311862512
2021-04-21,125.8392382420
2021-04-22,125.9547577386
2021-04-23,126.6863812167
2021-04-26,126.0317707363
2021-04-27,126.4553422236
2021-04-28,125.7622252443
2021-04-29,125.5696927501
2021-04-30,124.9150822696
2021-05-06,125.4156667547
2021-05-07,125.8777447409
2021-05-10,126.3783292259
2021-05-11,126.8019007133
2021-05-12,127.6490436880
2021-05-13,126.6478747179
2021-05-14,124.5077778609
2021-05-17,123.5523774783
2021-05-18,122.4058970191
2021-05-19,122.4823290497
2021-05-20,122.5205450650
2021-05-21,123.7052415395
2021-05-24,124.2784817690
2021-05-25,124.4695618456
2021-05-26,123.1702173252
2021-05-27,121.7944407743
2021-05-28,121.5269286671
2021-05-31,121.1447685141
2021-06-01,121.8326567896
2021-06-02,122.2148169426
2021-06-03,122.2530329579
2021-06-04,121.1065524988
2021-06-07,119.8454239938
2021-06-08,119.0428876724
2021-06-09,119.4250478254
2021-06-10,119.5396958713
2021-06-11,119.9982880550
2021-06-15,117.7435431520
2021-06-16,119.3486157948
2021-06-17,120.1511521162
2021-06-18,118.2403513510
2021-06-21,116.6352787082
2021-06-22,116.2149025399
2021-06-23,116.9792228459
2021-06-24,117.5524630755
2021-06-25,116.9410068306
2021-06-28,116.8263587847
2021-06-29,116.8645748000
2021-06-30,114.7244779430
2021-07-01,114.0365896675
2021-07-02,113.8455095910
2021-07-05,107.7309471423
2021-07-06,113.1194053002
2021-07-07,112.7372451472
2021-07-08,112.7372451472
2021-07-09,113.1153043194
2021-07-12,112.3591859750
2021-07-13,111.9433208856
2021-07-14,113.6445871604
2021-07-15,114.0226463326
2021-07-16,112.0189327200
2021-07-19,109.8261895213
2021-07-20,108.5029824187
2021-07-21,108.4651765014
2021-07-22,108.0871173292
2021-07-23,108.0871173292
2021-07-26,108.8432356736
2021-07-27,109.8639954385
2021-07-28,110.3176664452
2021-07-29,110.6957256174
2021-07-30,110.4310841968
2021-08-02,110.2798605280
2021-08-03,111.4518439617
2021-08-04,111.5652617134
2021-08-05,112.0189327200
2021-08-06,113.0396924849
2021-08-09,113.0396924849
2021-08-10,112.9262747333
2021-08-11,112.9640806505
2021-08-12,114.0604522499
2021-08-13,115.4592711870
2021-08-16,114.8165705942
2021-08-17,114.2494818360
2021-08-18,113.7580049121
2021-08-19,112.6238273955
2021-08-20,111.3006202929
2021-08-23,112.5482155611
2021-08-24,112.4347978094
2021-08-25,111.4140380445
2021-08-26,110.0152191074
2021-08-27,109.1456830114
2021-08-30,109.5615481008
2021-08-31,109.9018013558
2021-09-01,111.3384262101
2021-09-02,111.7164853823
2021-09-03,111.6030676306
2021-09-06,111.0359788723
2021-09-07,111.5274557962
2021-09-08,111.1493966240
2021-09-09,110.7585759608
2021-09-10,110.5631656291
2021-09-13,110.9149042260
2021-09-14,109.9378525680
2021-09-15,110.0160167006
2021-09-16,109.7424422363
2021-09-17,110.8758221597
2021-09-22,112.7908434096
2021-09-23,112.7517613433
2021-09-24,113.8851412666
2021-09-27,114.2759619299
2021-09-28,115.5265880522
2021-09-29,117.4806913684
2021-09-30,118.1060044296
2021-10-08,116.8553783072
2021-10-11,116.5818038430
2021-10-12,116.3863935113
2021-10-13,118.7703995571
2021-10-14,116.8162962409
2021-10-15,119.3175484856
2021-10-18,119.7474512152
2021-10-19,122.5222779241
2021-10-20,124.5545453729
2021-10-21,124.2418888424
2021-10-22,123.8510681791
2021-10-25,125.9614997606
2021-10-26,124.9062839699
2021-10-27,124.8672019035
2021-10-28,121.9751289956
2021-10-29,122.2487034599
2021-11-01,122.7567703221
2021-11-02,122.9521806537
2021-11-03,124.0464785107
2021-11-04,124.0073964444
2021-11-05,123.4993295822
2021-11-08,124.2337543904
2021-11-09,125.2774106967
2021-11-10,126.6302985012
2021-11-11,125.3933725085
2021-11-12,123.7699071431
2021-11-15,122.6102890250
2021-11-16,122.9581744604
2021-11-17,124.1951004531
2021-11-18,123.6925992686
2021-11-19,125.1614488849
2021-11-22,123.7312532058
2021-11-23,123.1900980840
2021-11-24,122.1850957150
2021-11-25,122.6489429622
2021-11-26,122.9195205231
2021-11-29,121.7985563423
2021-11-30,121.2574012205
2021-12-01,121.4893248441
2021-12-02,122.4556732759
2021-12-03,122.2624035895
2021-12-06,120.2137449141
2021-12-07,119.5179740433
2021-12-08,119.6725897923
2021-12-09,120.2910527887
2021-12-10,120.1750909769
2021-12-13,121.7599024050
2021-12-14,121.0254775968
2021-12-15,122.1077878404
2021-12-16,120.6389382241
2021-12-17,120.4843224750
2021-12-20,119.3633582942
2021-12-21,117.8945086779
2021-12-22,116.9281602461
2021-12-23,117.4693153679
2021-12-24,116.7348905597
2021-12-27,116.4256590615
2021-12-28,115.4206566925
2021-12-29,113.7198834525
2021-12-30,113.5266137662
2021-12-31,114.2223846371
2022-01-04,115.0727712570
2022-01-05,115.4979645670
2022-01-06,115.4206566925
2022-01-07,115.9231578770
2022-01-10,114.4929621980
2022-01-11,114.6475779471
2022-01-12,116.8804723463
2022-01-13,118.2279086217
2022-01-14,118.9978722076
2022-01-17,118.3049049803
2022-01-18,118.2664068010
2022-01-19,119.4598503592
2022-01-20,120.8072866346
2022-01-21,120.8457848139
2022-01-24,120.6917920967
2022-01-25,120.7302902760
2022-01-26,122.1547229100
2022-01-27,121.4232575034
2022-01-28,122.1547229100
2022-02-07,120.9227811725
2022-02-08,121.2692647862
2022-02-09,120.4223048416
2022-02-10,121.1537702483
2022-02-11,119.5753448971
2022-02-14,119.1903631041
2022-02-15,119.3828540006
2022-02-16,119.1133667455
2022-02-17,118.3049049803
2022-02-18,118.1509122631
2022-02-21,117.4964432150
2022-02-22,116.9189705256
2022-02-23,117.1884577807
2022-02-24,118.0739159045
2022-02-25,119.2673594627
2022-02-28,121.6157483998
2022-03-01,125.3115736124
2022-03-02,124.9265918194
2022-03-03,124.7341009229
2022-03-04,122.1162247307
2022-03-07,122.4242101651
2022-03-08,122.4242101651
2022-03-09,120.9194349743
2022-03-10,119.4146597835
2022-03-11,119.9879074752
2022-03-14,120.7402950706
2022-03-15,120.3461872826
2022-03-16,120.1312193982
2022-03-17,119.4146597835
2022-03-18,120.4536712248
2022-03-21,120.1670473789
2022-03-22,121.4210267046
2022-03-23,121.4926826660
2022-03-24,121.5285106468
2022-03-25,121.3851987238
2022-03-28,120.4536712248
2022-03-29,119.0205519954
2022-03-30,118.3039923808
2022-03-31,118.1248524771
2022-04-01,117.8382286312
2022-04-06,118.7697561303
2022-04-07,119.1638639184
2022-04-08,117.8382286312
2022-04-11,116.9783570937
2022-04-12,116.5125933441
2022-04-13,116.4767653634
2022-04-14,116.7633892093
2022-04-15,117.6232607468
2022-04-18,117.9457125734
2022-04-19,118.6264442074
2022-04-20,119.4863157450
2022-04-21,119.8804235330
2022-04-22,120.3103593018
2022-04-25,119.4146597835
2022-04-26,119.3071758413
2022-04-27,119.3788318028
2022-04-28,121.2060588202
2022-04-29,121.7076505504
2022-05-05,121.6718225697
2022-05-06,120.9552629550
2022-05-09,120.0237354560
2022-05-10,118.1248524771
2022-05-11,118.1248524771
2022-05-12,117.4082928624
2022-05-13,117.5845286668
2022-05-16,117.4435400233
2022-05-17,117.0558212537
2022-05-18,117.0910684146
2022-05-19,117.1615627363
2022-05-20,116.4213723581
2022-05-23,116.0336535885
2022-05-24,114.5532728319
2022-05-25,113.3548693622
2022-05-26,114.2360483840
2022-05-27,114.2712955449
2022-05-30,113.8835767753
2022-05-31,113.8835767753
2022-06-01,112.2974545361
2022-06-02,112.4031960187
2022-06-06,112.7556676274
2022-06-07,112.0859715709
2022-06-08,112.2622073752
2022-06-09,111.2400397100
2022-06-10,110.0063890795
2022-06-13,110.3941078491
2022-06-14,110.7465794578
2022-06-15,110.4998493317
2022-06-16,111.2752868708
2022-06-17,112.1564658926
2022-06-20,112.1564658926
2022-06-21,112.5794318231
2022-06-22,112.5441846622
2022-06-23,111.8744886056
2022-06-24,110.1473777230
2022-06-27,109.5481759881
2022-06-28,109.0194685751
2022-06-29,108.5612554837
2022-06-30,106.2701900271
2022-07-01,105.3185166836
2022-07-04,104.5430791444
2022-07-05,104.4020905009
2022-07-06,105.4242581662
2022-07-07,105.4242581662
2022-07-08,103.9791245705
2022-07-11,104.6458711211
2022-07-12,104.3458351733
2022-07-13,103.1456913822
2022-07-14,103.4457273300
2022-07-15,103.1790287097
2022-07-18,101.8788729360
2022-07-19,101.0454397477
2022-07-20,99.3785733711
2022-07-21,99.5785973363
2022-07-22,98.1784295800
2022-07-25,97.8450563047
2022-07-26,99.2118867335
2022-07-27,99.4785853537
2022-07-28,101.3454756955
2022-07-29,102.2122462113
2022-08-01,103.0456793996
2022-08-02,102.8789927619
2022-08-03,102.9456674170
2022-08-04,102.2455835388
2022-08-05,102.5122821591
2022-08-08,102.0788969012
2022-08-09,102.4789448316
2022-08-10,101.6455116433
2022-08-11,100.7787411275
2022-08-12,101.9788849186
2022-08-15,101.5454996607
2022-08-16,100.9787650926
2022-08-17,99.7119466464
2022-08-18,99.4119106987
2022-08-19,99.2118867335
2022-08-22,98.4451282003
2022-08-23,98.8785134582
2022-08-24,99.4785853537
2022-08-25,99.0785374233
2022-08-26,99.2118867335
2022-08-29,100.3786931971
2022-08-30,101.3454756955
2022-08-31,101.0787770752
2022-09-01,101.5121623331
2022-09-02,101.0454397477
2022-09-05,100.6120544898
2022-09-06,101.7455236259
2022-09-07,101.6788489708
2022-09-08,101.5788369882
2022-09-09,101.6788489708
2022-09-13,103.1785370087
2022-09-14,103.1785370087
2022-09-15,102.7786201986
2022-09-16,102.8119465994
2022-09-19,102.8785994011
2022-09-20,101.5122169666
2022-09-21,100.4124457388
2022-09-22,98.4128616882
2022-09-23,97.6796808697
2022-09-26,97.0464792537
2022-09-27,96.9798264520
2022-09-28,96.2799720343
2022-09-29,95.8467288233
2022-09-30,96.5465832410
2022-10-10,96.4132776377
2022-10-11,96.7132152453
2022-10-12,97.2464376587
2022-10-13,95.6800968191
2022-10-14,95.4801384141
2022-10-17,95.3801592115
2022-10-18,95.2801800090
2022-10-19,95.8134024225
2022-10-20,96.3799512368
2022-10-21,96.3799512368
2022-10-24,97.1464584562
2022-10-25,97.0131528528
2022-10-26,96.4799304394
2022-10-27,95.9800344267
2022-10-28,95.5801176166
2022-10-31,93.7471655703
2022-11-01,92.4141095366
2022-11-02,92.7473735450
2022-11-03,93.4139015618
2022-11-04,93.7471655703
2022-11-07,94.1470823804
2022-11-08,94.1470823804
2022-11-09,94.1159387871
2022-11-10,93.3684925492
2022-11-11,94.1782259736
2022-11-14,94.8322414318
2022-11-15,94.5519490926
2022-11-16,94.4273747196
2022-11-17,93.0882002100
2022-11-18,92.1850360059
2022-11-21,92.6833334978
2022-11-22,92.9947694303
2022-11-23,94.0225080074
2022-11-24,95.2371081440
2022-11-25,96.7631442130
2022-11-28,97.6974520103
2022-11-29,97.7285956036
2022-11-30,97.0122929589
2022-12-01,96.6074262467
2022-12-02,95.5796876697
2022-12-05,95.3928261102
2022-12-06,94.0847951939
2022-12-07,92.3718975654
2022-12-08,92.1538924127
2022-12-09,91.3753025815
2022-12-12,91.0950102423
2022-12-13,90.6901435301
2022-12-14,90.6278563437
2022-12-15,90.9392922761
2022-12-16,90.7835743099
2022-12-19,89.8181229193
2022-12-20,89.7558357328
2022-12-21,88.1675124773
2022-12-22,88.7592407489
2022-12-23,89.5378305801
2022-12-26,89.6624049531
2022-12-27,90.1918460382
2022-12-28,91.6867385140
2022-12-29,91.7801692937
2022-12-30,91.7490257005
2023-01-03,92.2473231924
2023-01-04,93.3684925492
2023-01-05,93.7733592614
2023-01-06,93.8045028547
2023-01-09,94.7076670588
2023-01-10,93.4307797357
2023-01-11,92.7517321129
2023-01-12,92.4430741026
2023-01-13,93.3073165316
2023-01-16,93.3381823326
2023-01-17,93.0912559243
2023-01-18,92.9986585212
2023-01-19,92.7517321129
2023-01-20,91.2701736632
2023-01-30,91.7948922808
2023-01-31,90.1898706270
2023-02-01,89.4490914021
2023-02-02,89.5725546062
2023-02-03,89.6342862083
2023-02-06,88.7083121772
2023-02-07,88.6465805752
2023-02-08,88.9243727845
2023-02-09,88.7700437793
2023-02-10,89.0478359886
2023-02-13,89.2638965959
2023-02-14,89.3256281980
2023-02-15,89.7577494125
2023-02-16,89.7577494125
2023-02-17,89.7886152135
2023-02-20,89.8812126166
2023-02-21,89.5416888052
2023-02-22,89.3564939990
2023-02-23,89.3256281980
2023-02-24,88.9243727845
2023-02-27,88.7391779783
2023-02-28,88.0292645544
2023-03-01,88.3070567638
2023-03-02,88.5848489731
2023-03-03,88.0601303555
2023-03-06,88.7391779783
2023-03-07,88.4305199679
2023-03-08,89.3564939990
2023-03-09,89.2986954906
2023-03-10,89.7321843036
2023-03-13,89.1252999654
2023-03-14,89.0386022027
2023-03-15,89.4431917616
2023-03-16,89.2408969822
2023-03-17,89.5298895242
2023-03-20,89.7321843036
2023-03-21,88.2294230850
2023-03-22,86.9867551543
2023-03-23,86.6977626122
2023-03-24,86.7844603748
2023-03-27,86.2064752907
2023-03-28,86.2353745449
2023-03-29,86.6688633580
2023-03-30,86.0041805113
2023-03-31,84.9349081058
2023-04-03,85.7729864777
2023-04-04,85.8018857319
2023-04-06,86.0041805113
2023-04-07,85.8885834945
2023-04-10,87.1023521711
2023-04-11,87.8248335262
2023-04-12,87.8826320346
2023-04-13,87.5936394925
2023-04-14,87.5069417299
2023-04-17,87.6225387467
2023-04-18,87.7959342720
2023-04-19,87.9404305430
2023-04-20,87.0734529169
2023-04-21,86.6977626122
2023-04-24,86.2353745449
2023-04-25,85.6573894609
2023-04-26,85.7440872235
2023-04-27,86.6399641038
2023-04-28,86.0041805113
2023-05-04,86.4954678328
2023-05-05,85.7440872235
2023-05-08,86.2353745449
2023-05-09,86.4087700702
2023-05-10,88.0560275598
2023-05-11,86.9867551543
2023-05-12,86.8661913910
2023-05-15,86.0825269302
2023-05-16,87.1073189175
2023-05-17,86.5647819830
2023-05-18,86.3537953974
2023-05-19,85.8112584630
2023-05-22,86.6853457462
2023-05-23,86.8360504502
2023-05-24,86.7757685686
2023-05-25,86.8963323318
2023-05-26,87.8608424375
2023-05-29,88.7952116024
2023-05-30,88.2225337271
2023-05-31,88.4938021943
2023-06-01,88.6445068984
2023-06-02,88.4033793719
2023-06-05,88.9760572472
2023-06-06,87.9211243191
2023-06-07,88.1923927863
2023-06-08,89.1569028920
2023-06-09,89.3076075960
2023-06-12,89.0363391288
2023-06-13,88.4335203127
2023-06-14,88.6746478392
2023-06-15,89.1870438328
2023-06-16,89.3678894776
2023-06-19,88.9459163064
2023-06-20,88.8253525432
2023-06-21,88.4636612535
2023-06-26,88.9157753656
2023-06-27,89.5487351224
2023-06-28,89.3678894776
2023-06-29,89.7597217080
2023-06-30,91.1160640441
2023-07-03,92.1107150906
2023-07-04,92.0805741498
2023-07-05,93.4067755451
2023-07-06,93.4369164859
2023-07-07,93.4369164859
2023-07-10,93.1728045988
2023-07-11,92.4391604681
2023-07-12,91.4120586851
2023-07-13,91.0599095024
2023-07-14,90.9131806763
2023-07-17,91.1772925633
2023-07-18,90.0914992499
2023-07-19,90.2675738412
2023-07-20,90.0034619542
2023-07-21,89.6806585367
2023-07-24,89.5339297105
2023-07-25,88.8296313451
2023-07-26,89.1230889973
2023-07-27,88.9176686408
2023-07-28,89.0937432321
2023-07-31,89.1230889973
2023-08-01,89.3578551192
2023-08-02,89.0937432321
2023-08-03,89.8567331280
2023-08-04,89.9741161890
2023-08-07,90.8838349110
2023-08-08,91.5000959808
2023-08-09,92.2924316420
2023-08-10,91.9402824592
2023-08-11,92.1750485811
2023-08-14,90.6197230240
2023-08-15,90.4143026674
2023-08-16,90.2969196065
2023-08-17,90.1501907803
2023-08-18,90.3849569021
2023-08-21,90.3262653717
2023-08-22,90.3556111369
2023-08-23,90.3849569021
2023-08-24,90.4143026674
2023-08-25,90.4143026674
2023-08-28,90.4143026674
2023-08-29,90.8544891458
2023-08-30,91.2946756242
2023-08-31,91.4707502156
2023-09-01,91.4120586851
2023-09-04,90.0914992499
2023-09-05,89.9741161890
2023-09-06,89.2698178235
2023-09-07,90.3556111369
2023-09-08,90.3556111369
2023-09-11,90.2949697872
2023-09-12,89.4763115655
2023-09-13,88.7789360433
2023-09-14,89.2337461664
2023-09-15,90.1130457379
2023-09-18,89.7795183142
2023-09-19,88.8698980679
2023-09-20,89.1731048167
2023-09-21,89.3853495408
2023-09-22,89.5975942650
2023-09-25,89.2943875162
2023-09-26,88.7486153684
2023-09-27,87.9602778215
2023-09-28,88.6273326689
2023-10-09,88.2938052452
2023-10-10,89.2640668413
2023-10-11,88.5666913191
2023-10-12,89.3550288659
2023-10-13,89.5672735901
2023-10-16,89.5672735901
2023-10-17,88.8395773930
2023-10-18,87.7177124225
2023-10-19,87.0506575752
2023-10-20,87.2629022993
2023-10-23,87.6267503979
2023-10-24,88.1725225457
2023-10-25,88.2028432206
2023-10-26,87.7783537723
2023-10-27,87.4448263486
2023-10-30,87.1416195998
2023-10-31,87.0809782501
2023-11-01,87.0203369003
2023-11-02,87.1112989250
2023-11-03,87.1112989250
2023-11-06,87.0809782501
2023-11-07,87.0203369003
2023-11-08,88.8395773930
2023-11-09,88.6570928109
2023-11-10,88.2312954526
2023-11-13,88.2617095496
2023-11-14,88.7483351020
2023-11-15,89.4478593334
2023-11-16,90.0561412738
2023-11-17,90.0561412738
2023-11-20,90.2386258559
2023-11-21,90.9381500873
2023-11-22,90.1777976619
2023-11-23,89.7520003036
2023-11-24,89.9344848857
2023-11-27,89.1437183632
2023-11-28,88.5354364228
2023-11-29,88.1400531616
2023-11-30,88.1704672586
2023-12-01,87.9575685795
2023-12-04,87.6230135122
2023-12-05,87.4709430272
2023-12-06,87.2580443480
2023-12-07,87.2580443480
2023-12-08,87.6230135122
2023-12-11,87.7142558033
2023-12-12,87.4405289301
2023-12-13,87.0451456689
2023-12-14,87.5013571242
2023-12-15,87.1668020570
2023-12-18,86.5281060196
2023-12-19,87.1059738629
2023-12-20,86.4064496315
2023-12-21,86.7714187957
2023-12-22,87.1668020570
2023-12-25,87.5621853182
2023-12-26,87.3797007361
2023-12-27,87.2884584450
2023-12-28,88.0488108705
2023-12-29,87.3188725421
2024-01-02,87.1668020570
2024-01-03,87.0451456689
2024-01-04,86.9843174748
2024-01-05,86.3760355345
2024-01-08,85.8285817881
2024-01-09,85.9198240792
2024-01-10,85.7660663410
2024-01-11,86.7808674128
2024-01-12,87.2728921749
2024-01-15,87.4574014607
2024-01-16,87.4574014607
2024-01-17,87.4266499131
2024-01-18,86.7193643176
2024-01-19,87.6726622941
2024-01-22,86.5348550318
2024-01-23,86.5348550318
2024-01-24,86.8116189605
2024-01-25,87.2728921749
2024-01-26,87.4881530083
2024-01-29,88.3799478896
2024-01-30,88.3491963420
2024-01-31,88.2569416991
2024-02-01,87.7649169370
2024-02-02,87.5496561036
2024-02-05,86.9653766986
2024-02-06,86.9961282462
2024-02-07,87.0268797939
2024-02-08,86.8423705081
2024-02-19,86.3503457460
2024-02-20,86.9653766986
2024-02-21,87.2728921749
2024-02-22,87.4266499131
2024-02-23,87.6111591988
2024-02-26,88.1031839609
2024-02-27,88.9949788422
2024-02-28,89.3332458661
2024-02-29,89.3024943185
2024-03-01,88.7797180088
2024-03-04,89.4870036043
2024-03-05,89.4870036043
2024-03-06,89.4870036043
2024-03-07,89.4870036043
2024-03-08,89.4870036043
2024-03-11,89.0220555426
2024-03-12,89.4870036043
2024-03-13,89.2080347673
2024-03-14,89.0530520801
2024-03-15,89.2700278422
2024-03-18,89.2080347673
2024-03-19,88.4641178686
2024-03-20,88.3711282563
2024-03-21,88.3091351814
2024-03-22,88.2471421065
2024-03-25,88.5881040184
2024-03-26,88.2161455690
2024-03-27,88.0301663444
2024-03-28,88.4021247937
2024-03-29,88.5881040184
2024-04-01,88.1851490316
2024-04-02,88.4021247937
2024-04-03,88.5261109435
2024-04-08,87.4102355955
2024-04-09,87.6272113576
2024-04-10,87.6272113576
2024-04-11,87.4722286704
2024-04-12,87.5652182827
2024-04-15,88.0301663444
2024-04-16,87.9371767320
2024-04-17,87.4722286704
2024-04-18,87.1932598333
2024-04-19,87.5342217452
2024-04-22,87.9371767320
2024-04-23,87.7202009699
2024-04-24,87.8131905823
2024-04-25,87.9061801946
2024-04-26,87.6892044325
2024-04-29,87.1622632959
2024-04-30,86.5733290844
2024-05-06,86.5113360096
2024-05-07,86.9452875338
2024-05-08,86.9452875338
2024-05-09,86.9452875338
2024-05-10,86.9452875338
2024-05-13,87.1602705831
2024-05-14,87.3138299041
2024-05-15,87.6209485461
2024-05-16,88.0202027806
2024-05-17,88.5423044719
2024-05-20,88.3580332867
2024-05-21,88.2966095583
2024-05-22,88.5423044719
2024-05-23,88.3887451509
2024-05-24,88.1123383732
2024-05-27,87.6516604103
2024-05-28,87.5902366819
2024-05-29,87.3752536325
2024-05-30,87.0988468548
2024-05-31,87.0374231264
2024-06-03,87.0067112622
2024-06-04,86.7303044844
2024-06-05,86.9759993980
2024-06-06,87.1602705831
2024-06-07,87.3445417683
2024-06-11,86.9759993980
2024-06-12,86.8224400770
2024-06-13,86.8531519412
2024-06-14,87.5902366819
2024-06-17,87.3138299041
2024-06-18,87.0988468548
2024-06-19,87.0988468548
2024-06-20,87.1909824473
2024-06-21,87.3752536325
2024-06-24,87.5288129535
2024-06-25,87.1295587190
2024-06-26,86.8224400770
2024-06-27,86.7610163486
2024-06-28,86.5460332993
2024-07-01,86.0853553363
2024-07-02,86.4538977067
2024-07-03,86.4538977067
2024-07-04,85.9932197438
2024-07-05,85.9932197438
2024-07-08,85.7004270310
2024-07-09,85.3783550469
2024-07-10,84.7049318075
2024-07-11,84.0900671107
2024-07-12,84.0607878394
2024-07-15,83.3873646000
2024-07-16,82.8310584457
2024-07-17,82.9188962596
2024-07-18,82.6261035468
2024-07-19,82.7724999032
2024-07-22,82.8017791745
2024-07-23,82.7139413606
2024-07-24,82.2161937489
2024-07-25,81.6306083233
2024-07-26,81.9234010361
2024-07-29,81.4549326957
2024-07-30,81.8941217648
2024-07-31,81.8941217648
2024-08-01,81.6598875946
2024-08-02,80.7229509137
2024-08-05,80.3423203871
2024-08-06,79.5517800626
2024-08-07,78.9661946370
2024-08-08,79.5810593339
2024-08-09,80.3130411158
2024-08-12,80.4008789296
2024-08-13,80.2837618445
2024-08-14,79.8738520466
2024-08-15,80.1959240307
2024-08-16,80.2837618445
2024-08-19,80.5472752860
2024-08-20,80.8693472701
2024-08-21,80.8107887275
2024-08-22,80.7522301850
2024-08-23,80.6058338286
2024-08-26,80.6643923712
2024-08-27,81.3963741531
2024-08-28,81.2206985254
2024-08-29,80.8107887275
2024-08-30,80.0495276743
2024-09-02,79.8738520466
2024-09-03,79.3468251636
2024-09-04,79.6396178764
2024-09-05,79.6396178764
2024-09-06,79.6396178764
2024-09-09,78.6560447514
2024-09-10,78.0003293348
2024-09-11,77.6426663803
2024-09-12,77.9705240886
2024-09-13,78.2387713045
2024-09-18,77.3148086719
2024-09-19,77.3744191644
2024-09-20,76.9571457174
2024-09-23,76.2120145621
2024-09-24,76.4802617780
2024-09-25,76.4802617780
2024-09-26,75.2284414372
2024-09-27,76.2120145621
2024-09-30,76.7783142401
2024-10-08,77.4340296568
2024-10-09,77.2850034257
2024-10-10,76.7783142401
2024-10-11,76.7187037477
2024-10-14,77.3148086719
2024-10-15,77.2253929333
2024-10-16,76.6292880091
2024-10-17,76.5994827629
2024-10-18,76.4504565318
2024-10-21,76.0331830849
2024-10-22,76.1822093159
2024-10-23,77.1955876871
2024-10-24,77.8214978575
2024-10-25,77.9109135962
2024-10-28,77.4042244106
2024-10-29,77.2850034257
2024-10-30,78.1195503196
2024-10-31,79.5502021378
2024-11-01,79.3713706605
2024-11-04,78.6858499977
2024-11-05,78.6858499977
2024-11-06,79.9674755847
2024-11-07,80.3549437855
2024-11-08,79.5800073840
2024-11-11,78.9389716513
2024-11-12,78.5421400073
2024-11-13,78.7252930738
2024-11-14,79.1221247178
2024-11-15,78.7558185849
2024-11-18,79.0610736956
2024-11-19,79.3052777843
2024-11-20,78.8779206292
2024-11-21,78.3895124519
2024-11-22,78.7252930738
2024-11-25,78.4810889851
2024-11-26,78.4200379630
2024-11-27,78.4200379630
2024-11-28,78.5421400073
2024-11-29,77.9926808079
2024-12-02,77.6263746749
2024-12-03,77.0769154755
2024-12-04,76.5885072982
2024-12-05,75.8253695212
2024-12-06,76.3443032096
2024-12-09,76.1000991209
2024-12-10,76.1611501431
2024-12-11,76.4664052539
2024-12-12,76.5274562761
2024-12-13,76.2527266763
2024-12-16,76.4053542317
2024-12-17,76.5885072982
2024-12-18,75.9779970766
2024-12-19,76.1916756542
2024-12-20,76.2527266763
2024-12-23,76.2527266763
2024-12-24,76.1306246320
2024-12-25,76.4969307650
2024-12-26,76.3748287207
2024-12-27,76.7716603647
2024-12-30,76.9548134312
2024-12-31,76.4053542317
2025-01-02,75.4590633883
2025-01-03,75.6422164548
2025-01-06,75.6422164548
2025-01-07,74.8180276556
2025-01-08,74.6654001002
2025-01-09,74.4822470337
2025-01-10,75.1766498233
2025-01-13,75.2370326745
2025-01-14,75.9314354641
2025-01-15,75.9918183153
2025-01-16,76.0823925922
2025-01-17,76.0220097410
2025-01-20,76.5352639767
2025-01-21,76.6862211049
2025-01-22,76.4144982742
2025-01-23,76.5050725511
2025-01-24,75.7804783359
2025-01-27,75.9918183153
2025-02-05,75.9616268897
2025-02-06,76.4748811254
2025-02-07,76.3541154229
2025-02-10,76.8371782330
2025-02-11,77.0183267868
2025-02-12,77.4410067457
2025-02-13,77.8334952789
2025-02-14,77.5919638738
2025-02-17,77.1089010637
2025-02-18,77.1994753406
2025-02-19,76.8069868074
2025-02-20,76.5352639767
2025-02-21,76.9579439355
2025-02-24,77.7127295763
2025-02-25,77.6523467251
2025-02-26,77.6221552994
2025-02-27,78.5278980684
2025-02-28,78.8298123247
2025-03-03,77.5919638738
2025-03-04,77.7429210020
2025-03-05,76.6862211049
2025-03-06,76.6862211049
2025-03-07,76.6862211049
2025-03-10,77.0863728363
2025-03-11,77.2007019024
2025-03-12,77.2007019024
2025-03-13,76.6290565718
2025-03-14,76.7433856379
2025-03-17,76.9148792371
2025-03-18,76.6290565718
2025-03-19,76.3146516399
2025-03-20,76.0288289746
2025-03-21,76.4003984395
2025-03-24,76.2003225738
2025-03-25,75.9144999085
2025-03-26,75.8001708424
2025-03-27,75.5429304436
2025-03-28,75.6286772432
2025-03-31,75.1141964456
2025-04-01,75.0570319125
2025-04-02,75.3142723113
2025-04-03,75.4571836440
2025-04-07,75.8859176420
2025-04-08,75.7144240428
2025-04-09,75.6858417762
2025-04-10,75.3142723113
2025-04-11,75.5143481771
2025-04-14,75.6858417762
2025-04-15,75.4286013775
2025-04-16,75.7144240428
2025-04-17,75.7144240428
2025-04-18,75.3428545779
2025-04-21,75.1999432452
2025-04-22,75.7144240428
2025-04-23,75.9430821750
2025-04-24,76.2003225738
2025-04-25,76.3432339065
2025-04-28,76.6576388383
2025-04-29,76.9148792371
2025-04-30,77.0577905698
2025-05-06,76.0859935077
2025-05-07,77.4579423012
2025-05-08,77.5436891008
2025-05-09,77.2007019024
2025-05-12,77.2007019024
2025-05-13,77.1435373694
2025-05-14,76.8306395408
2025-05-15,76.5746322265
2025-05-16,76.5177417122
2025-05-19,76.0626175980
2025-05-20,75.7497197694
2025-05-21,75.5790482266
2025-05-22,75.5790482266
2025-05-23,75.6643839980
2025-05-26,75.6359387408
2025-05-27,75.3230409123
2025-05-28,75.4937124551
2025-05-29,75.9488365694
2025-05-30,76.2617343980
2025-06-03,75.6359387408
2025-06-04,75.5506029694
2025-06-05,75.6643839980
2025-06-06,75.5506029694
2025-06-09,76.1763986265
2025-06-10,76.8590847979
2025-06-11,77.2288731408
2025-06-12,77.2573183979
2025-06-13,76.8590847979
2025-06-16,76.6315227408
2025-06-17,76.3186249122
2025-06-18,76.5746322265
2025-06-19,76.8021942837
2025-06-20,76.7453037694
2025-06-23,76.8021942837
2025-06-24,76.1479533694
2025-06-25,76.4324059408
2025-06-26,76.8590847979
2025-06-27,77.5702162265
2025-06-30,78.2244571408
2025-07-01,77.5702162265
2025-07-02,77.6271067408
2025-07-03,77.6271067408
2025-07-04,77.6271067408
2025-07-07,77.6271067408
2025-07-08,77.6271067408
2025-07-09,77.6561262199
2025-07-10,77.6271067408
2025-07-11,77.3949509075
2025-07-14,76.7855418453
2025-07-15,76.7855418453
2025-07-16,76.5533860120
2025-07-17,76.3792691371
2025-07-18,76.9016197619
2025-07-21,77.4239703867
2025-07-22,77.5400483033
2025-07-23,77.4529898659
2025-07-24,77.5400483033
2025-07-25,77.4529898659
2025-07-28,77.5980872616
2025-07-29,77.5110288242
2025-07-30,77.6851456991
2025-07-31,77.6561262199
2025-08-01,77.3369119492
2025-08-04,77.2498535118
2025-08-05,76.9306392411
2025-08-06,77.1047561160
2025-08-07,77.2208340326
2025-08-08,76.7275028870
2025-08-11,76.5533860120
2025-08-12,76.5533860120
2025-08-13,76.8726002827
2025-08-14,76.7565223661
2025-08-15,76.3212301788
2025-08-18,75.6828016374
2025-08-19,75.1894704917
2025-08-20,74.6090809086
2025-08-21,74.6671198669
2025-08-22,74.3479055962
2025-08-25,74.8122172627
2025-08-26,73.9996718464
2025-08-27,73.2161459092
2025-08-28,73.3612433049
2025-08-29,72.6647758052
2025-09-01,72.2294836179
2025-09-02,72.1714446596
2025-09-03,71.5330161181
2025-09-04,71.9683083055
2025-09-05,72.4326199720
2025-09-08,72.7498010308
2025-09-09,72.4614546137
2025-09-10,71.8270924961
2025-09-11,71.5387460790
2025-09-12,71.3945728705
2025-09-15,70.8467146780
2025-09-16,70.5006989775
2025-09-17,70.5872029026
2025-09-18,71.0773918117
2025-09-19,71.1638957368
2025-09-22,70.7313761112
2025-09-23,70.2411872021
2025-09-24,70.8755493197
2025-09-25,71.3945728705
2025-09-26,71.6540846458
2025-09-29,71.6829192875
2025-09-30,71.2215650202
2025-10-09,70.2988564855
2025-10-10,70.0105100684
2025-10-13,69.5779904428
2025-10-14,69.0012976086
2025-10-15,68.9147936835
2025-10-16,68.8859590418
2025-10-17,68.4246047745
2025-10-20,68.6841165498
2025-10-21,68.8859590418
2025-10-22,69.1454708172
2025-10-23,69.5491558011
2025-10-24,69.9528407850
2025-10-27,69.8086675765
2025-10-28,70.1258486353
2025-10-29,70.1835179187
2025-10-30,70.3853604107
2025-10-31,69.4049825926
2025-11-03,69.1454708172
2025-11-04,69.3473133091
2025-11-05,69.7798329348
2025-11-06,69.7798329348
2025-11-07,70.4430296941
2025-11-10,70.4715953995
2025-11-11,71.0143438035
2025-11-12,71.1286066254
2025-11-13,71.3000008582
2025-11-14,71.5285265020
2025-11-17,71.1571723309
2025-11-18,70.7286867488
2025-11-19,70.6144239269
2025-11-20,70.8143838652
2025-11-21,71.3285665637
2025-11-24,72.0141434950
2025-11-25,72.6997204264
2025-11-26,73.1282060084
2025-11-27,73.1853374194
2025-11-28,73.2710345358
2025-12-01,72.7854175428
2025-12-02,72.8139832483
2025-12-03,72.9853774811
2025-12-04,73.5566915905
2025-12-05,74.0708742890
2025-12-08,73.1282060084
2025-12-09,72.2426691388
2025-12-10,72.0427092005
2025-12-11,72.1284063169
2025-12-12,72.1569720224
2025-12-15,72.0712749060
2025-12-16,71.6713550294
2025-12-17,71.6999207348
2025-12-18,71.6713550294
2025-12-19,71.2714351528
2025-12-22,71.3571322692
2025-12-23,71.0429095090
2025-12-24,70.9000809816
2025-12-25,70.6715553378
2025-12-26,70.8143838652
2025-12-29,71.5570922075
2025-12-30,71.6427893239
2025-12-31,71.3571322692
2026-01-05,70.9857780980
2026-01-06,71.0143438035
2026-01-07,71.0143438035
2026-01-08,71.9855777896
2026-01-09,71.9855777896
2026-01-12,72.3255332927
2026-01-13,72.6654887958
2026-01-14,72.2405444169
2026-01-15,72.3538629180
2026-01-16,72.6938184211
2026-01-19,72.4671814190
2026-01-20,72.1555555411
2026-01-21,72.0705666653
2026-01-22,72.3255332927
2026-01-23,72.7788072969
2026-01-26,72.7504776716
2026-01-27,72.1272259159
2026-01-28,71.8156000380
2026-01-29,71.5889630359
2026-01-30,71.6456222864
2026-02-02,71.2206779075
2026-02-03,71.1640186570
2026-02-04,71.1073594065
2026-02-05,71.3056667833
2026-02-06,71.7022815369
2026-02-09,71.8722592885
2026-02-10,71.9855777896
2026-02-11,72.4955110443
2026-02-12,72.8354665474
2026-02-13,72.4671814190
2026-02-24,72.7221480464
2026-02-25,73.0621035495
2026-02-26,73.0621035495
2026-02-27,73.2604109263
2026-03-02,73.8270034316
2026-03-03,73.9686515579
2026-03-04,74.1102996842
2026-03-05,74.0819700589
2026-03-06,74.0819700589
2026-03-09,74.6013639449
2026-03-10,73.9452874573
2026-03-11,74.1913161402
2026-03-12,74.4646813434
2026-03-13,74.4373448230
2026-03-16,74.6287004653
2026-03-17,74.7653830668
2026-03-18,74.3279987418
2026-03-19,74.4646813434
2026-03-20,75.1754308716
2026-03-23,76.5695934078
2026-03-24,76.2142186436
2026-03-25,75.3941230341
2026-03-26,75.6401517170
2026-03-27,75.3941230341
2026-03-30,75.0114117497
2026-03-31,74.9294021887
2026-04-01,75.2847769529
2026-04-02,74.9020656684
2026-04-03,74.8747291481
2026-04-07,74.8747291481
2026-04-08,75.0934213106
2026-04-09,75.2027673919
2026-04-10,75.7494977982
2026-04-13,75.8861803998
2026-04-14,75.6674882373
2026-04-15,75.3394499935
2026-04-16,75.2847769529
2026-04-17,75.5034691154
2026-04-20,75.6674882373
2026-04-21,76.0775360421
2026-04-22,76.8429586109
2026-04-23,76.5695934078
2026-04-24,76.2962282046
2026-04-27,76.0228630014
2026-04-28,76.1595456030
2026-04-29,75.8588438795
2026-04-30,75.5581421560
2026-05-06,75.2847769529
2026-05-07,74.2459891808
2026-05-08,74.0272970183
2026-05-11,73.9179509370
2026-05-12,73.9179509370
2026-05-13,73.9179509370
2026-05-14,74.1919240687
2026-05-15,73.8631563107
2026-05-18,73.5343885526
2026-05-19,73.5617858658
2026-05-20,73.5069912394
2026-05-21,72.8220584101
2026-05-22,72.9590449760
2026-05-25,73.0412369155
2026-05-26,72.7946610970
2026-05-27,73.0412369155
2026-05-28,72.9590449760
2026-05-29,73.4795939263
2026-06-01,73.6165804921
2026-06-02,73.6713751185
2026-06-03,73.6439778053
2026-06-04,72.9042503497
2026-06-05,73.6439778053
2026-06-08,73.9453482502
2026-06-09,74.6028837663
2026-06-10,74.7124730190
2026-06-11,74.4658972004
2026-06-12,74.7398703322
2026-06-15,73.8631563107
2026-06-16,73.7809643712
2026-06-17,74.0275401897
2026-06-18,74.0275401897
2026-06-22,74.0001428765
2026-06-23,73.8631563107
2026-06-24,73.9179509370
2026-06-25,73.7535670580
2026-06-26,74.1919240687
2026-06-29,74.8220622717
2026-06-30,75.3152139088
2026-07-01,74.6028837663
2026-07-02,75.5069951010
2026-07-03,74.5206918268
2026-07-06,74.2741160082
2026-07-07,74.2467186951
2026-07-08,74.2467186951
2026-07-09,74.0816036794
2026-07-10,74.1091228487
2026-07-13,73.9164886638
2026-07-14,73.7238544789
2026-07-15,73.9164886638
2026-07-16,73.7513736482
2026-07-17,73.3661052784
2026-07-20,73.1184327549
2026-07-21,72.9808369086
2026-07-22,72.7882027237
2026-07-23,72.8157218929
2026-07-24,72.5955685388
2026-07-27,72.4304535231
2026-07-28,72.2103001690
2026-07-29,72.2653385075
2026-07-30,72.3203768461
2026-07-31,72.4029343539
2026-08-03,71.9351084762
2026-08-04,71.4948017679
2026-08-05,71.6048784450
2026-08-06,71.3572059215
2026-08-07,71.1095333981
2026-08-10,71.2746484137
2026-08-11,71.3572059215
2026-08-12,70.9994567210
2026-08-13,71.3572059215
2026-08-14,71.6048784450
2026-08-17,71.3021675830
2026-08-18,70.7793033668
2026-08-19,71.1095333981
2026-08-20,70.8343417054
2026-08-21,70.3940349970
2026-08-24,70.7242650283
2026-08-25,70.5316308434
2026-08-26,70.4490733356
2026-08-27,70.3940349970
2026-08-28,70.7242650283
2026-08-31,70.7793033668
2026-09-01,70.0362857965
2026-09-02,69.8986899501
